sequence,kind,name,name_zh_hans,filename,relative_path,image_url,source_page,source,translation_source,content_type,bytes,sha256,status,error
001,furniture,Antique bed,古董床,001-antique-bed.png,docs/pokopia_image_sources/furniture_portraits/001-antique-bed.png,https://pokopiadex.com/images/items/item_ui/antique-bed.png,https://pokopiadex.com/items/furniture,pokopiadex_furniture,infipoke_pokopia_items_or_crafting_zh_hans,image/png,40639,15094eb81ed1b7a7b2815a0001d4ed230deca8537abe84ecf52b3cc22745336a,ok,
002,furniture,Antique chair,古董椅,002-antique-chair.png,docs/pokopia_image_sources/furniture_portraits/002-antique-chair.png,https://pokopiadex.com/images/items/item_ui/antique-chair.png,https://pokopiadex.com/items/furniture,pokopiadex_furniture,infipoke_pokopia_items_or_crafting_zh_hans,image/png,27009,117948a0b65273226e9e5e6a5c81281913e856cf6dd9f0737397ceb594bdbafc,ok,
003,furniture,Antique chest,古董宝箱,003-antique-chest.png,docs/pokopia_image_sources/furniture_portraits/003-antique-chest.png,https://pokopiadex.com/images/items/item_ui/antique-chest.png,https://pokopiadex.com/items/furniture,pokopiadex_furniture,infipoke_pokopia_items_or_crafting_zh_hans,image/png,25304,8110bdf1e0abee5ccdb86a9ae4c01ab0d38c6080f6f2284f3de397c3ee587dba,ok,
004,furniture,Antique closet,古董衣柜,004-antique-closet.png,docs/pokopia_image_sources/furniture_portraits/004-antique-closet.png,https://pokopiadex.com/images/items/item_ui/antique-closet.png,https://pokopiadex.com/items/furniture,pokopiadex_furniture,infipoke_pokopia_items_or_crafting_zh_hans,image/png,26996,ab9226bf4b864a04b3009c951fbd4005960fc5288096c74a71c379c83afad315,ok,
005,furniture,Antique dresser,古董梳妆台,005-antique-dresser.png,docs/pokopia_image_sources/furniture_portraits/005-antique-dresser.png,https://pokopiadex.com/images/items/item_ui/antique-dresser.png,https://pokopiadex.com/items/furniture,pokopiadex_furniture,infipoke_pokopia_items_or_crafting_zh_hans,image/png,29897,75dd060de0913dd6d84cf298636a45f57707bbe11940b26d9df6b59c60bf34ec,ok,
006,furniture,Antique sofa,古董沙发,006-antique-sofa.png,docs/pokopia_image_sources/furniture_portraits/006-antique-sofa.png,https://pokopiadex.com/images/items/item_ui/antique-sofa.png,https://pokopiadex.com/items/furniture,pokopiadex_furniture,infipoke_pokopia_items_or_crafting_zh_hans,image/png,30593,47074dbe948fa3fb1e60e433a78313da4e611af0c23520acb0f0a29af8decb88,ok,
007,furniture,Antique table,古董桌,007-antique-table.png,docs/pokopia_image_sources/furniture_portraits/007-antique-table.png,https://pokopiadex.com/images/items/item_ui/antique-table.png,https://pokopiadex.com/items/furniture,pokopiadex_furniture,infipoke_pokopia_items_or_crafting_zh_hans,image/png,14937,6647e490b72bf331d6ff3959513ecd50c225b4b9c330fb971d5ab45f31ccd3f8,ok,
008,furniture,Avalugg Table,冰岩怪桌,008-avalugg-table.png,docs/pokopia_image_sources/furniture_portraits/008-avalugg-table.png,https://pokopiadex.com/images/items/item_ui/avalugg-table.png,https://pokopiadex.com/items/furniture,pokopiadex_furniture,infipoke_pokopia_items_or_crafting_zh_hans,image/png,117273,d1729629d398e7120353927724f4cede0f790b67bece67c9f5026532596a7191,ok,
009,furniture,Beach chair,沙滩椅,009-beach-chair.png,docs/pokopia_image_sources/furniture_portraits/009-beach-chair.png,https://pokopiadex.com/images/items/crafting_ui/beach-chair.png,https://pokopiadex.com/items/furniture,pokopiadex_furniture,infipoke_pokopia_items_or_crafting_zh_hans,image/png,137627,df9a1420cc93c46b87993171583815fcafa3ec1a57ea9a44c79b6dff21e1a883,ok,
010,furniture,Berry Case,树果箱,010-berry-case.webp,docs/pokopia_image_sources/furniture_portraits/010-berry-case.webp,https://img.rankedboost.com/wp-content/plugins/pokopia/assets/items/berry-case.webp,https://rankedboost.com/pokopia/items/,rankedboost,infipoke_pokopia_items_or_crafting_zh_hans,image/webp,3770,680b573f02a1a5a792bb8ce7954c3d99bd829f6dbf2dcab06c58af88f87c5e42,ok,
011,furniture,Berry bed,树果床,011-berry-bed.png,docs/pokopia_image_sources/furniture_portraits/011-berry-bed.png,https://pokopiadex.com/images/items/item_ui/berry-bed.png,https://pokopiadex.com/items/furniture,pokopiadex_furniture,infipoke_pokopia_items_or_crafting_zh_hans,image/png,26804,95902a6dd2f1af219d8ff89ad345c980f8c766079bec3c6385b3f80dff072e49,ok,
012,furniture,Berry chair,树果椅,012-berry-chair.png,docs/pokopia_image_sources/furniture_portraits/012-berry-chair.png,https://pokopiadex.com/images/items/item_ui/berry-chair.png,https://pokopiadex.com/items/furniture,pokopiadex_furniture,infipoke_pokopia_items_or_crafting_zh_hans,image/png,24220,0ae6459b6ae8ea39bfb85872e297ce437a4402bfc541ae79610f423e573dc5c6,ok,
013,furniture,Berry table,树果桌,013-berry-table.png,docs/pokopia_image_sources/furniture_portraits/013-berry-table.png,https://pokopiadex.com/images/items/item_ui/berry-table.png,https://pokopiadex.com/items/furniture,pokopiadex_furniture,infipoke_pokopia_items_or_crafting_zh_hans,image/png,28193,1701847924229f9c1b0a703779c9e330917ab5ea3bfd60af721d4e2e8c2a2f1f,ok,
014,furniture,Big Storage Box,大型收纳箱,014-big-storage-box.png,docs/pokopia_image_sources/furniture_portraits/014-big-storage-box.png,https://pokopiadex.com/images/items/crafting_ui/big-storage-box.png,https://pokopiadex.com/items/furniture,pokopiadex_furniture,infipoke_pokopia_items_or_crafting_zh_hans,image/png,135463,0f224b970abf78d4f7cb46b6514042ad54886ed6e5497eee8c5ab0a1686d99dc,ok,
015,furniture,Box sofa,箱型沙发,015-box-sofa.png,docs/pokopia_image_sources/furniture_portraits/015-box-sofa.png,https://pokopiadex.com/images/items/item_ui/box-sofa.png,https://pokopiadex.com/items/furniture,pokopiadex_furniture,infipoke_pokopia_items_or_crafting_zh_hans,image/png,20478,9ccfd8f61fbdcbcd1361f018cb818b9b2a1752513048b2cfd2d957b6e9791455,ok,
016,furniture,Chic chair,时尚椅,016-chic-chair.png,docs/pokopia_image_sources/furniture_portraits/016-chic-chair.png,https://pokopiadex.com/images/items/crafting_ui/chic-chair.png,https://pokopiadex.com/items/furniture,pokopiadex_furniture,infipoke_pokopia_items_or_crafting_zh_hans,image/png,124979,eb01858ca5a328efba5e427fa7f27cd750f3bd59f694f37ff8cd495474b4549c,ok,
017,furniture,Chic sofa,时尚沙发,017-chic-sofa.png,docs/pokopia_image_sources/furniture_portraits/017-chic-sofa.png,https://pokopiadex.com/images/items/item_ui/chic-sofa.png,https://pokopiadex.com/items/furniture,pokopiadex_furniture,infipoke_pokopia_items_or_crafting_zh_hans,image/png,34566,e613f584bcc13e2726b57eb641f92678faec8b4c88599c06e1ba56f0b6bb463c,ok,
018,furniture,Chic table,时尚桌,018-chic-table.png,docs/pokopia_image_sources/furniture_portraits/018-chic-table.png,https://pokopiadex.com/images/items/shop_ui/chic-table.png,https://pokopiadex.com/items/furniture,pokopiadex_furniture,infipoke_pokopia_items_or_crafting_zh_hans,image/png,166445,b9b14df4bafc357d8d16979c3dd43abbe81b428f0bb446dd40fa8b9977591ab3,ok,
019,furniture,Counter,柜台,019-counter.png,docs/pokopia_image_sources/furniture_portraits/019-counter.png,https://pokopiadex.com/images/items/item_ui/counter.png,https://pokopiadex.com/items/furniture,pokopiadex_furniture,infipoke_pokopia_items_or_crafting_zh_hans,image/png,21917,5b59aa59100eb3d5837152ab23c6d324c0da5788e21fc584565ae796a2ff0aed,ok,
020,furniture,Cute bed,可爱床,020-cute-bed.png,docs/pokopia_image_sources/furniture_portraits/020-cute-bed.png,https://pokopiadex.com/images/items/item_ui/cute-bed.png,https://pokopiadex.com/items/furniture,pokopiadex_furniture,infipoke_pokopia_items_or_crafting_zh_hans,image/png,40941,50d343a078eacec030988cbc57cbcf148eda164540d1311a5ffec4b78fd3d883,ok,
021,furniture,Cute chair,可爱椅,021-cute-chair.png,docs/pokopia_image_sources/furniture_portraits/021-cute-chair.png,https://pokopiadex.com/images/items/item_ui/cute-chair.png,https://pokopiadex.com/items/furniture,pokopiadex_furniture,infipoke_pokopia_items_or_crafting_zh_hans,image/png,25511,b2738b685f465d46a4b044dc523af1785e44d9a748cbc34aac174b990a8a478a,ok,
022,furniture,Cute dresser,可爱梳妆台,022-cute-dresser.png,docs/pokopia_image_sources/furniture_portraits/022-cute-dresser.png,https://pokopiadex.com/images/items/item_ui/cute-dresser.png,https://pokopiadex.com/items/furniture,pokopiadex_furniture,infipoke_pokopia_items_or_crafting_zh_hans,image/png,32363,d4dda0544f615030a41596c0ac062b3e2805e64df83fcc13ba8598a49e4242ec,ok,
023,furniture,Cute sofa,可爱沙发,023-cute-sofa.png,docs/pokopia_image_sources/furniture_portraits/023-cute-sofa.png,https://pokopiadex.com/images/items/item_ui/cute-sofa.png,https://pokopiadex.com/items/furniture,pokopiadex_furniture,infipoke_pokopia_items_or_crafting_zh_hans,image/png,25393,48dc42eb75c6d5708ebf3119c1028e04071e3056650f5a341c9003341d9e5ae2,ok,
024,furniture,Cute table,可爱桌,024-cute-table.png,docs/pokopia_image_sources/furniture_portraits/024-cute-table.png,https://pokopiadex.com/images/items/item_ui/cute-table.png,https://pokopiadex.com/items/furniture,pokopiadex_furniture,infipoke_pokopia_items_or_crafting_zh_hans,image/png,24291,3f115ac5ed6b91dc229a7a5ff7c8b3e81f49632eb621d7c0e20e4703e4f932f0,ok,
025,furniture,Deck Chair,躺椅,025-deck-chair.png,docs/pokopia_image_sources/furniture_portraits/025-deck-chair.png,https://pokopiadex.com/images/items/item_ui/deck-chair.png,https://pokopiadex.com/items/furniture,pokopiadex_furniture,infipoke_pokopia_items_or_crafting_zh_hans,image/png,26241,c104ac087e35e2f9f524f6302a14eac60c258f948c678014f9e875c250a0832d,ok,
026,furniture,Exhibition stand,展示架,026-exhibition-stand.png,docs/pokopia_image_sources/furniture_portraits/026-exhibition-stand.png,https://pokopiadex.com/images/items/crafting_ui/exhibition-stand.png,https://pokopiadex.com/items/furniture,pokopiadex_furniture,infipoke_pokopia_items_or_crafting_zh_hans,image/png,116394,1d8d9b9cfa6fd52a0b1a9e5587aa9d98a2ce7bf0393f02ceed2308ac6e3662e3,ok,
027,furniture,Fancy chair,华丽椅,027-fancy-chair.png,docs/pokopia_image_sources/furniture_portraits/027-fancy-chair.png,https://pokopiadex.com/images/items/item_ui/fancy-chair.png,https://pokopiadex.com/items/furniture,pokopiadex_furniture,infipoke_pokopia_items_or_crafting_zh_hans,image/png,32771,89d78b0c373ebd79edf6c001f89deb11f62682bf807f67f135597bc964d93186,ok,
028,furniture,Flower cushion,花朵坐垫,028-flower-cushion.png,docs/pokopia_image_sources/furniture_portraits/028-flower-cushion.png,https://pokopiadex.com/images/items/item_ui/flower-cushion.png,https://pokopiadex.com/items/furniture,pokopiadex_furniture,infipoke_pokopia_items_or_crafting_zh_hans,image/png,123121,f3570d997ad3f595780d80f4091c6dd8fee508c272e4c4a97337683f855982d8,ok,
029,furniture,Flower table,花朵桌,029-flower-table.png,docs/pokopia_image_sources/furniture_portraits/029-flower-table.png,https://pokopiadex.com/images/items/item_ui/flower-table.png,https://pokopiadex.com/items/furniture,pokopiadex_furniture,infipoke_pokopia_items_or_crafting_zh_hans,image/png,130313,d77e7614af493efc04008eaaea808598d596c535713963b6b84609a6dda7bd42,ok,
030,furniture,Folding chair,折叠椅,030-folding-chair.png,docs/pokopia_image_sources/furniture_portraits/030-folding-chair.png,https://pokopiadex.com/images/items/shop_ui/folding-chair.png,https://pokopiadex.com/items/furniture,pokopiadex_furniture,infipoke_pokopia_items_or_crafting_zh_hans,image/png,142494,d14ffd3ce0ffd7ac33ea3ce5bb9016649f3ab5016e87092cb2c2480b9bbf9df9,ok,
031,furniture,Food counter,餐点柜台,031-food-counter.png,docs/pokopia_image_sources/furniture_portraits/031-food-counter.png,https://pokopiadex.com/images/items/crafting_ui/food-counter.png,https://pokopiadex.com/items/furniture,pokopiadex_furniture,infipoke_pokopia_items_or_crafting_zh_hans,image/png,196092,62b2982d9468ce6efa7095deae9ddcaaa4e2c53717984a5a8a733d648de19a24,ok,
032,furniture,Gaming Bed,电竞床,032-gaming-bed.png,docs/pokopia_image_sources/furniture_portraits/032-gaming-bed.png,https://pokopiadex.com/images/items/item_ui/gaming-bed.png,https://pokopiadex.com/items/furniture,pokopiadex_furniture,infipoke_pokopia_items_or_crafting_zh_hans,image/png,29449,b40a0fb60f680159d9593ffdfe64bc94a3c9c2db001c0ce7ce30d49cff7b6188,ok,
033,furniture,Gaming Chair,电竞椅,033-gaming-chair.png,docs/pokopia_image_sources/furniture_portraits/033-gaming-chair.png,https://pokopiadex.com/images/items/item_ui/gaming-chair.png,https://pokopiadex.com/items/furniture,pokopiadex_furniture,infipoke_pokopia_items_or_crafting_zh_hans,image/png,30025,0bc50ae4ccce3b713fe8d02db5d204c2f6706bfef1234572433edd79b70b7293,ok,
034,furniture,Gaming Fridge,电竞冰箱,034-gaming-fridge.png,docs/pokopia_image_sources/furniture_portraits/034-gaming-fridge.png,https://pokopiadex.com/images/items/item_ui/gaming-fridge.png,https://pokopiadex.com/items/furniture,pokopiadex_furniture,infipoke_pokopia_items_or_crafting_zh_hans,image/png,21766,ccefce034684663e568b19db240d59e6946a9f9363ff4d3c641734f8b86be37c,ok,
035,furniture,Garden bench,庭院长椅,035-garden-bench.png,docs/pokopia_image_sources/furniture_portraits/035-garden-bench.png,https://pokopiadex.com/images/items/shop_ui/garden-bench.png,https://pokopiadex.com/items/furniture,pokopiadex_furniture,infipoke_pokopia_items_or_crafting_zh_hans,image/png,327888,62a8967b54f063e4b911dccaac01426090efa073d99889359927583f574452f5,ok,
036,furniture,Garden chair,庭院椅,036-garden-chair.png,docs/pokopia_image_sources/furniture_portraits/036-garden-chair.png,https://pokopiadex.com/images/items/item_ui/garden-chair.png,https://pokopiadex.com/items/furniture,pokopiadex_furniture,infipoke_pokopia_items_or_crafting_zh_hans,image/png,27636,f86f1237e1e2486ef82559bb1fa61e5cc07e8f8d2dae2b367f9fa81d59495a49,ok,
037,furniture,Garden table,庭院桌,037-garden-table.png,docs/pokopia_image_sources/furniture_portraits/037-garden-table.png,https://pokopiadex.com/images/items/shop_ui/garden-table.png,https://pokopiadex.com/items/furniture,pokopiadex_furniture,infipoke_pokopia_items_or_crafting_zh_hans,image/png,85279,4cc0a667bdbf19b0a9976a9581542947372a105da663966757009cf51896b39a,ok,
038,furniture,Guest-room bed,客房床,038-guest-room-bed.png,docs/pokopia_image_sources/furniture_portraits/038-guest-room-bed.png,https://pokopiadex.com/images/items/item_ui/guest-room-bed.png,https://pokopiadex.com/items/furniture,pokopiadex_furniture,infipoke_pokopia_items_or_crafting_zh_hans,image/png,32186,f926b56357ccc1123ded77ec7c8e72ebf5861aff8c5e9be01f0a668f8612d0fe,ok,
039,furniture,Industrial bed,工业风床,039-industrial-bed.png,docs/pokopia_image_sources/furniture_portraits/039-industrial-bed.png,https://pokopiadex.com/images/items/crafting_ui/industrial-bed.png,https://pokopiadex.com/items/furniture,pokopiadex_furniture,infipoke_pokopia_items_or_crafting_zh_hans,image/png,142647,53da687de2f97b5f7707f1a3bf353fc6b501498abc5c7371ae7807116027e00a,ok,
040,furniture,Industrial bench,工业风长椅,040-industrial-bench.png,docs/pokopia_image_sources/furniture_portraits/040-industrial-bench.png,https://pokopiadex.com/images/items/item_ui/industrial-bench.png,https://pokopiadex.com/items/furniture,pokopiadex_furniture,infipoke_pokopia_items_or_crafting_zh_hans,image/png,20889,d5252f31f3c9e68f0ba3374188ddcd9d89e8d0b6659bfc82292da6afb91e8b38,ok,
041,furniture,Industrial chair,工业风椅,041-industrial-chair.png,docs/pokopia_image_sources/furniture_portraits/041-industrial-chair.png,https://pokopiadex.com/images/items/item_ui/industrial-chair.png,https://pokopiadex.com/items/furniture,pokopiadex_furniture,infipoke_pokopia_items_or_crafting_zh_hans,image/png,13318,11192743df6ae4deebfba790d606ff9993f66e0e6962b86f04bfea7d61d54e5b,ok,
042,furniture,Industrial desk,工业风书桌,042-industrial-desk.png,docs/pokopia_image_sources/furniture_portraits/042-industrial-desk.png,https://pokopiadex.com/images/items/shop_ui/industrial-desk.png,https://pokopiadex.com/items/furniture,pokopiadex_furniture,infipoke_pokopia_items_or_crafting_zh_hans,image/png,133084,a7e5f71cea66449cfb42121c1d64ece079d418b3eabffb3ace0961f7142c3673,ok,
043,furniture,Iron bed,铁艺床,043-iron-bed.png,docs/pokopia_image_sources/furniture_portraits/043-iron-bed.png,https://pokopiadex.com/images/items/crafting_ui/iron-bed.png,https://pokopiadex.com/items/furniture,pokopiadex_furniture,infipoke_pokopia_items_or_crafting_zh_hans,image/png,107830,98d23d2ea5b0344320dc22b2f1bc916dcac9673c43d35525aaf5780dbdccfbaf,ok,
044,furniture,Iron bench,铁长椅,044-iron-bench.png,docs/pokopia_image_sources/furniture_portraits/044-iron-bench.png,https://pokopiadex.com/images/items/crafting_ui/iron-bench.png,https://pokopiadex.com/items/furniture,pokopiadex_furniture,infipoke_pokopia_items_or_crafting_zh_hans,image/png,118949,a7618b5207d12c5d81f1029870860a68631edd5e6bea9f60bf3dbe5c1b43b747,ok,
045,furniture,Iron chair,铁椅,045-iron-chair.png,docs/pokopia_image_sources/furniture_portraits/045-iron-chair.png,https://pokopiadex.com/images/items/crafting_ui/iron-chair.png,https://pokopiadex.com/items/furniture,pokopiadex_furniture,infipoke_pokopia_items_or_crafting_zh_hans,image/png,93681,23a9f86fd481e90976aed329abc78371ccaf4e2f2c8efd9e07c474170ec946e4,ok,
046,furniture,Iron rack,铁架,046-iron-rack.png,docs/pokopia_image_sources/furniture_portraits/046-iron-rack.png,https://pokopiadex.com/images/items/shop_ui/iron-rack.png,https://pokopiadex.com/items/furniture,pokopiadex_furniture,infipoke_pokopia_items_or_crafting_zh_hans,image/png,100396,d6910b0b963bed972067413e64cb45ad3b6b862e85834b00b70bfb3eafa656d9,ok,
047,furniture,Iron stand,铁架,047-iron-stand.png,docs/pokopia_image_sources/furniture_portraits/047-iron-stand.png,https://pokopiadex.com/images/items/crafting_ui/iron-stand.png,https://pokopiadex.com/items/furniture,pokopiadex_furniture,infipoke_pokopia_items_or_crafting_zh_hans,image/png,128321,1caaf4281f9fe0fbab3b838fd529510c0b860d4cb6420e3fe4166f0bb757096e,ok,
048,furniture,Iron table,铁桌,048-iron-table.png,docs/pokopia_image_sources/furniture_portraits/048-iron-table.png,https://pokopiadex.com/images/items/crafting_ui/iron-table.png,https://pokopiadex.com/items/furniture,pokopiadex_furniture,infipoke_pokopia_items_or_crafting_zh_hans,image/png,104784,3c7873ff033a489d90d6e945ddf20f447f0acc0d095f35a6c955c0cda52aa619,ok,
049,furniture,Kitchen table,厨房桌,049-kitchen-table.png,docs/pokopia_image_sources/furniture_portraits/049-kitchen-table.png,https://pokopiadex.com/images/items/item_ui/kitchen-table.png,https://pokopiadex.com/items/furniture,pokopiadex_furniture,infipoke_pokopia_items_or_crafting_zh_hans,image/png,18404,74786d4298a5bb326fe3fccbdc0c6de6477aa9c0644f5d54a725252d0b7d2955,ok,
050,furniture,Large mirror,大镜子,050-large-mirror.png,docs/pokopia_image_sources/furniture_portraits/050-large-mirror.png,https://pokopiadex.com/images/items/shop_ui/large-mirror.png,https://pokopiadex.com/items/furniture,pokopiadex_furniture,infipoke_pokopia_items_or_crafting_zh_hans,image/png,139788,50da5c77a140be52c2f16555861ce04b77108ba16dee92f795243f5ef62b8591,ok,
051,furniture,Log bed,原木床,051-log-bed.png,docs/pokopia_image_sources/furniture_portraits/051-log-bed.png,https://pokopiadex.com/images/items/shop_ui/log-bed.png,https://pokopiadex.com/items/furniture,pokopiadex_furniture,infipoke_pokopia_items_or_crafting_zh_hans,image/png,334210,4491df70151adb99cd1da746a727c5ac050f1946cd2ee356ecb770874c4d62e7,ok,
052,furniture,Log chair,原木椅,052-log-chair.png,docs/pokopia_image_sources/furniture_portraits/052-log-chair.png,https://pokopiadex.com/images/items/crafting_ui/log-chair.png,https://pokopiadex.com/items/furniture,pokopiadex_furniture,infipoke_pokopia_items_or_crafting_zh_hans,image/png,93139,315743849a7a0739efa83521944d15a845f0bf46d3e60e8d3185001743a061e2,ok,
053,furniture,Log table,原木桌,053-log-table.png,docs/pokopia_image_sources/furniture_portraits/053-log-table.png,https://pokopiadex.com/images/items/crafting_ui/log-table.png,https://pokopiadex.com/items/furniture,pokopiadex_furniture,infipoke_pokopia_items_or_crafting_zh_hans,image/png,95439,d3d39778576569debfa5f33139417a81c6dff59388c0e0de197e82ca55b74cb9,ok,
054,furniture,Luxury bed,豪华床,054-luxury-bed.png,docs/pokopia_image_sources/furniture_portraits/054-luxury-bed.png,https://pokopiadex.com/images/items/item_ui/luxury-bed.png,https://pokopiadex.com/items/furniture,pokopiadex_furniture,infipoke_pokopia_items_or_crafting_zh_hans,image/png,36717,69ab76640028f0465a9dacb7426221a5962fd576d3946459f9f42494beacc17a,ok,
055,furniture,Luxury chair,豪华椅,055-luxury-chair.png,docs/pokopia_image_sources/furniture_portraits/055-luxury-chair.png,https://pokopiadex.com/images/items/item_ui/luxury-chair.png,https://pokopiadex.com/items/furniture,pokopiadex_furniture,infipoke_pokopia_items_or_crafting_zh_hans,image/png,27842,30cea6e7265460a9c19fb14b94c348d1d708e58f92aaae7fe2fdb4f2eb062b69,ok,
056,furniture,Luxury dresser,豪华梳妆台,056-luxury-dresser.png,docs/pokopia_image_sources/furniture_portraits/056-luxury-dresser.png,https://pokopiadex.com/images/items/item_ui/luxury-dresser.png,https://pokopiadex.com/items/furniture,pokopiadex_furniture,infipoke_pokopia_items_or_crafting_zh_hans,image/png,29975,15646089a37bf54550b33b8b091d7d4aa3733b1fc07f0e96c936e5134e54d904,ok,
057,furniture,Luxury sofa,豪华沙发,057-luxury-sofa.png,docs/pokopia_image_sources/furniture_portraits/057-luxury-sofa.png,https://pokopiadex.com/images/items/item_ui/luxury-sofa.png,https://pokopiadex.com/items/furniture,pokopiadex_furniture,infipoke_pokopia_items_or_crafting_zh_hans,image/png,31512,4431c05c7fe5adbf6dbc6be1b117acb3388899c7a4ee369a0fdbdce326460c1c,ok,
058,furniture,Luxury table,豪华桌,058-luxury-table.png,docs/pokopia_image_sources/furniture_portraits/058-luxury-table.png,https://pokopiadex.com/images/items/item_ui/luxury-table.png,https://pokopiadex.com/items/furniture,pokopiadex_furniture,infipoke_pokopia_items_or_crafting_zh_hans,image/png,23342,fd994373a13a2bff3b7f64a9a7e7217c44cede9150408aa92741a8d65c89ba20,ok,
059,furniture,Mini plain bed,迷你简易床,059-mini-plain-bed.png,docs/pokopia_image_sources/furniture_portraits/059-mini-plain-bed.png,https://pokopiadex.com/images/items/crafting_ui/mini-plain-bed.png,https://pokopiadex.com/items/furniture,pokopiadex_furniture,infipoke_pokopia_items_or_crafting_zh_hans,image/png,103413,5a047f2a09cd950af8e0712d2ac86bdeed1bd142fd7bcb1ac94080cb1b39ef93,ok,
060,furniture,Mysterious pedestal,神秘台座,060-mysterious-pedestal.png,docs/pokopia_image_sources/furniture_portraits/060-mysterious-pedestal.png,https://pokopiadex.com/images/items/item_ui/mysterious-pedestal.png,https://pokopiadex.com/items/furniture,pokopiadex_furniture,infipoke_pokopia_items_or_crafting_zh_hans,image/png,131032,82a348e4be315a5b1f1c13a0ead3adccdb0ebe2cd8f021f86d1927cb149e0816,ok,
061,furniture,Naptime bed,午睡床,061-naptime-bed.png,docs/pokopia_image_sources/furniture_portraits/061-naptime-bed.png,https://pokopiadex.com/images/items/item_ui/naptime-bed.png,https://pokopiadex.com/items/furniture,pokopiadex_furniture,infipoke_pokopia_items_or_crafting_zh_hans,image/png,112652,d7735fca8c0fbce60c46095d4d1758165be91b547af63612a3eb46b1f17fb5c2,ok,
062,furniture,Office cabinet,办公柜,062-office-cabinet.png,docs/pokopia_image_sources/furniture_portraits/062-office-cabinet.png,https://pokopiadex.com/images/items/crafting_ui/office-cabinet.png,https://pokopiadex.com/items/furniture,pokopiadex_furniture,infipoke_pokopia_items_or_crafting_zh_hans,image/png,83194,592a44cd9329337a906586a1cfa6f0f6af256086224c8bc0f6d770a0dbdbce82,ok,
063,furniture,Office chair,办公椅,063-office-chair.png,docs/pokopia_image_sources/furniture_portraits/063-office-chair.png,https://pokopiadex.com/images/items/crafting_ui/office-chair.png,https://pokopiadex.com/items/furniture,pokopiadex_furniture,infipoke_pokopia_items_or_crafting_zh_hans,image/png,128408,3f2a6bbad811d5e0fb8da211c426465fdd70501ee7c5ccdf7bdb29ec546f6d2f,ok,
064,furniture,Office desk,办公桌,064-office-desk.png,docs/pokopia_image_sources/furniture_portraits/064-office-desk.png,https://pokopiadex.com/images/items/crafting_ui/office-desk.png,https://pokopiadex.com/items/furniture,pokopiadex_furniture,infipoke_pokopia_items_or_crafting_zh_hans,image/png,133479,0ad4654330b8169ef81b3ca7699fbe5af16153fefd4039fb1ef91fb17a48473b,ok,
065,furniture,Office locker,办公储物柜,065-office-locker.png,docs/pokopia_image_sources/furniture_portraits/065-office-locker.png,https://pokopiadex.com/images/items/item_ui/office-locker.png,https://pokopiadex.com/items/furniture,pokopiadex_furniture,infipoke_pokopia_items_or_crafting_zh_hans,image/png,14821,a367d2a2bc56f062674bfa75f7fd987f1ff34240a16b18601b7cdda1e9e49999,ok,
066,furniture,Office shelf,办公置物架,066-office-shelf.png,docs/pokopia_image_sources/furniture_portraits/066-office-shelf.png,https://pokopiadex.com/images/items/item_ui/office-shelf.png,https://pokopiadex.com/items/furniture,pokopiadex_furniture,infipoke_pokopia_items_or_crafting_zh_hans,image/png,27144,46f41e30e757bf28ae5dc5795e749a4bd66444bad66e40fef9d871ea43159860,ok,
067,furniture,Office table,办公室桌,067-office-table.png,docs/pokopia_image_sources/furniture_portraits/067-office-table.png,https://pokopiadex.com/images/items/crafting_ui/office-table.png,https://pokopiadex.com/items/furniture,pokopiadex_furniture,infipoke_pokopia_items_or_crafting_zh_hans,image/png,106920,b0d5d8fb2d2ef80d4c0e3a0589ee5ec487f25635572c38db614e7d16940c88f5,ok,
068,furniture,Pikachu sofa,皮卡丘沙发,068-pikachu-sofa.png,docs/pokopia_image_sources/furniture_portraits/068-pikachu-sofa.png,https://pokopiadex.com/images/items/item_ui/pikachu-sofa.png,https://pokopiadex.com/items/furniture,pokopiadex_furniture,infipoke_pokopia_items_or_crafting_zh_hans,image/png,132115,34dae905c1947f4ac27f2c30278d37ed9b2ff47038406712e19484b71491229e,ok,
069,furniture,Plain bed,简易床,069-plain-bed.png,docs/pokopia_image_sources/furniture_portraits/069-plain-bed.png,https://pokopiadex.com/images/items/crafting_ui/plain-bed.png,https://pokopiadex.com/items/furniture,pokopiadex_furniture,infipoke_pokopia_items_or_crafting_zh_hans,image/png,106889,16fd360731b6790fbd85dc66bc75ac71953e0e5dff6398206180013a79a2508e,ok,
070,furniture,Plain chair,朴素椅,070-plain-chair.png,docs/pokopia_image_sources/furniture_portraits/070-plain-chair.png,https://pokopiadex.com/images/items/crafting_ui/plain-chair.png,https://pokopiadex.com/items/furniture,pokopiadex_furniture,infipoke_pokopia_items_or_crafting_zh_hans,image/png,111509,7dbdd668044e2d50de40535ea50edc5e0ed9d8bd02a97763819f8fc7a7c59b68,ok,
071,furniture,Plain chest,朴素木箱,071-plain-chest.png,docs/pokopia_image_sources/furniture_portraits/071-plain-chest.png,https://pokopiadex.com/images/items/item_ui/plain-chest.png,https://pokopiadex.com/items/furniture,pokopiadex_furniture,infipoke_pokopia_items_or_crafting_zh_hans,image/png,28536,c47a5c958e1cfd6f4a70189b4903a686aa4ee014c21579ec6e17f1ec35003053,ok,
072,furniture,Plain closet,朴素衣柜,072-plain-closet.png,docs/pokopia_image_sources/furniture_portraits/072-plain-closet.png,https://pokopiadex.com/images/items/crafting_ui/plain-closet.png,https://pokopiadex.com/items/furniture,pokopiadex_furniture,infipoke_pokopia_items_or_crafting_zh_hans,image/png,141056,3f34db6dae065da052973e4410f374bb454ce2a93b10b5cc3a06e5f285c84ff2,ok,
073,furniture,Plain sofa,朴素沙发,073-plain-sofa.png,docs/pokopia_image_sources/furniture_portraits/073-plain-sofa.png,https://pokopiadex.com/images/items/crafting_ui/plain-sofa.png,https://pokopiadex.com/items/furniture,pokopiadex_furniture,infipoke_pokopia_items_or_crafting_zh_hans,image/png,131298,867779e8a7af614143ed0cc8583d3acc575dbf3bce283f1c1d9e481bd72addf6,ok,
074,furniture,Plain stand,朴素展架,074-plain-stand.png,docs/pokopia_image_sources/furniture_portraits/074-plain-stand.png,https://pokopiadex.com/images/items/shop_ui/plain-stand.png,https://pokopiadex.com/items/furniture,pokopiadex_furniture,infipoke_pokopia_items_or_crafting_zh_hans,image/png,201459,df7e694316f062e013ea65bc50bf905b3af8a55d69587b7f23cc1220a125926c,ok,
075,furniture,Plain stool,朴素凳,075-plain-stool.png,docs/pokopia_image_sources/furniture_portraits/075-plain-stool.png,https://pokopiadex.com/images/items/item_ui/plain-stool.png,https://pokopiadex.com/items/furniture,pokopiadex_furniture,infipoke_pokopia_items_or_crafting_zh_hans,image/png,14986,b7671ced51bee84957bb7e008bbc23673831fd3e96d53a0759c49b9e3e425192,ok,
076,furniture,Plain table,朴素桌,076-plain-table.png,docs/pokopia_image_sources/furniture_portraits/076-plain-table.png,https://pokopiadex.com/images/items/crafting_ui/plain-table.png,https://pokopiadex.com/items/furniture,pokopiadex_furniture,infipoke_pokopia_items_or_crafting_zh_hans,image/png,117070,62a6cb44137c7ce190d0ac56e388b41eba3f573b7d4604bb4cd86b4e24c709eb,ok,
077,furniture,Poké Ball Bed,精灵球床,077-pok-ball-bed.png,docs/pokopia_image_sources/furniture_portraits/077-pok-ball-bed.png,https://pokopiadex.com/images/items/item_ui/poke-ball-bed.png,https://pokopiadex.com/items/furniture,pokopiadex_furniture,infipoke_pokopia_items_or_crafting_zh_hans,image/png,25282,5786898bc66fdc1fcf2fcea46c20e0b345a55ab4ae287c6ffad3a2cab773c8ab,ok,
078,furniture,Poké Ball Chest,精灵球宝箱,078-pok-ball-chest.png,docs/pokopia_image_sources/furniture_portraits/078-pok-ball-chest.png,https://pokopiadex.com/images/items/item_ui/poke-ball-chest.png,https://pokopiadex.com/items/furniture,pokopiadex_furniture,infipoke_pokopia_items_or_crafting_zh_hans,image/png,29546,65777a36ba19c980b9cdb2f2cdf9a25fd2fbcfb3717404425fabe660ccbbfc47,ok,
079,furniture,Poké Ball Sofa,精灵球沙发,079-pok-ball-sofa.png,docs/pokopia_image_sources/furniture_portraits/079-pok-ball-sofa.png,https://pokopiadex.com/images/items/item_ui/poke-ball-sofa.png,https://pokopiadex.com/items/furniture,pokopiadex_furniture,infipoke_pokopia_items_or_crafting_zh_hans,image/png,25598,ecd8ba34a4aab432d120c7fd8881f6196719c2762773154853d3d09be7f6b80a,ok,
080,furniture,Poké Ball table,精灵球桌,080-pok-ball-table.png,docs/pokopia_image_sources/furniture_portraits/080-pok-ball-table.png,https://pokopiadex.com/images/items/item_ui/poke-ball-table.png,https://pokopiadex.com/items/furniture,pokopiadex_furniture,infipoke_pokopia_items_or_crafting_zh_hans,image/png,19961,522364d3fe13e71a2dadba0ce20cec88736fadde4771793e3516abfb0716216a,ok,
081,furniture,Pokémon Center counter,宝可梦中心柜台,081-pok-mon-center-counter.png,docs/pokopia_image_sources/furniture_portraits/081-pok-mon-center-counter.png,https://pokopiadex.com/images/items/item_ui/pokemon-center-counter.png,https://pokopiadex.com/items/furniture,pokopiadex_furniture,infipoke_pokopia_items_or_crafting_zh_hans,image/png,20072,7c3c053114c69beb64001baaeaa2e5da9b6233a5e4fc8432f9c6911a2c64fd2c,ok,
082,furniture,Polygonal Shelf,多边形架子,082-polygonal-shelf.png,docs/pokopia_image_sources/furniture_portraits/082-polygonal-shelf.png,https://pokopiadex.com/images/items/item_ui/polygonal-shelf.png,https://pokopiadex.com/items/furniture,pokopiadex_furniture,infipoke_pokopia_items_or_crafting_zh_hans,image/png,115416,f0af813854db80895da50f02087bbe8bf6d8302a8acd7e3aaf2ee672ae484862,ok,
083,furniture,Pop art bed,波普艺术床,083-pop-art-bed.png,docs/pokopia_image_sources/furniture_portraits/083-pop-art-bed.png,https://pokopiadex.com/images/items/item_ui/pop-art-bed.png,https://pokopiadex.com/items/furniture,pokopiadex_furniture,infipoke_pokopia_items_or_crafting_zh_hans,image/png,33739,ef79684d257367dcdf193c1d6200888bf693c669b672aba3861089416d4554bd,ok,
084,furniture,Pop art chair,波普艺术椅,084-pop-art-chair.png,docs/pokopia_image_sources/furniture_portraits/084-pop-art-chair.png,https://pokopiadex.com/images/items/item_ui/pop-art-chair.png,https://pokopiadex.com/items/furniture,pokopiadex_furniture,infipoke_pokopia_items_or_crafting_zh_hans,image/png,22346,c17ea996ed8a4d157e15b66229b2c81c5fbeaa95de51d2a6bf1f4f24a74601f0,ok,
085,furniture,Pop art sofa,波普艺术沙发,085-pop-art-sofa.png,docs/pokopia_image_sources/furniture_portraits/085-pop-art-sofa.png,https://pokopiadex.com/images/items/item_ui/pop-art-sofa.png,https://pokopiadex.com/items/furniture,pokopiadex_furniture,infipoke_pokopia_items_or_crafting_zh_hans,image/png,31858,305a9efa85728da6311f83d171a9bd145bac4589af279e6caaee9a4dc66eff88,ok,
086,furniture,Pop art table,波普艺术桌,086-pop-art-table.png,docs/pokopia_image_sources/furniture_portraits/086-pop-art-table.png,https://pokopiadex.com/images/items/item_ui/pop-art-table.png,https://pokopiadex.com/items/furniture,pokopiadex_furniture,infipoke_pokopia_items_or_crafting_zh_hans,image/png,20539,e3979c1d83b531b66b7fcf031547b2bc86db655fbbf5e81373bb0414ee23b400,ok,
087,furniture,Public seat,公共座椅,087-public-seat.png,docs/pokopia_image_sources/furniture_portraits/087-public-seat.png,https://pokopiadex.com/images/items/item_ui/public-seat.png,https://pokopiadex.com/items/furniture,pokopiadex_furniture,infipoke_pokopia_items_or_crafting_zh_hans,image/png,13328,6dee968d63142188516daf033f2900cd0a632048ce474785fe54b9a8ef2ba592,ok,
088,furniture,Push cart,推车,088-push-cart.png,docs/pokopia_image_sources/furniture_portraits/088-push-cart.png,https://pokopiadex.com/images/items/shop_ui/push-cart.png,https://pokopiadex.com/items/furniture,pokopiadex_furniture,infipoke_pokopia_items_or_crafting_zh_hans,image/png,162329,35722b93b84152f5aa26d87ccc7304c6b7ade86f07abba6485edc34371e67c02,ok,
089,furniture,Resort bed,度假风床铺,089-resort-bed.png,docs/pokopia_image_sources/furniture_portraits/089-resort-bed.png,https://pokopiadex.com/images/items/item_ui/resort-bed.png,https://pokopiadex.com/items/furniture,pokopiadex_furniture,infipoke_pokopia_items_or_crafting_zh_hans,image/png,30548,454424366f3efa21dc814fe3b25965a9081ae8b559d5dfa880c63edea4ad141c,ok,
090,furniture,Resort chair,度假风椅,090-resort-chair.png,docs/pokopia_image_sources/furniture_portraits/090-resort-chair.png,https://pokopiadex.com/images/items/item_ui/resort-chair.png,https://pokopiadex.com/items/furniture,pokopiadex_furniture,infipoke_pokopia_items_or_crafting_zh_hans,image/png,29376,7577f345a093c20e073f79b4610e4e1889592add9fffe298c06857cbf1a41ac9,ok,
091,furniture,Resort hammock,度假风吊床,091-resort-hammock.png,docs/pokopia_image_sources/furniture_portraits/091-resort-hammock.png,https://pokopiadex.com/images/items/item_ui/resort-hammock.png,https://pokopiadex.com/items/furniture,pokopiadex_furniture,infipoke_pokopia_items_or_crafting_zh_hans,image/png,24580,a856bc413c1e1a543320050a9313728a33b24d92e241af89a239c325429fc0ed,ok,
092,furniture,Resort sofa,度假风沙发,092-resort-sofa.png,docs/pokopia_image_sources/furniture_portraits/092-resort-sofa.png,https://pokopiadex.com/images/items/shop_ui/resort-sofa.png,https://pokopiadex.com/items/furniture,pokopiadex_furniture,infipoke_pokopia_items_or_crafting_zh_hans,image/png,329056,cf0051d2e796545881ee68bd832963a77054d478552983b44ec4c8ce135c0cad,ok,
093,furniture,Resort stool,度假风凳,093-resort-stool.png,docs/pokopia_image_sources/furniture_portraits/093-resort-stool.png,https://pokopiadex.com/images/items/item_ui/resort-stool.png,https://pokopiadex.com/items/furniture,pokopiadex_furniture,infipoke_pokopia_items_or_crafting_zh_hans,image/png,17596,a6b674d74375fb8792f79e7f94b60153e3a38f578bc8e2263a51b076e16cd409,ok,
094,furniture,Resort table,度假风桌,094-resort-table.png,docs/pokopia_image_sources/furniture_portraits/094-resort-table.png,https://pokopiadex.com/images/items/item_ui/resort-table.png,https://pokopiadex.com/items/furniture,pokopiadex_furniture,infipoke_pokopia_items_or_crafting_zh_hans,image/png,25178,afbf5147c7b7e1d5c744b067ce5635a780b9848ac5881d25d6159092924cc6a3,ok,
095,furniture,Side table,边桌,095-side-table.png,docs/pokopia_image_sources/furniture_portraits/095-side-table.png,https://pokopiadex.com/images/items/item_ui/side-table.png,https://pokopiadex.com/items/furniture,pokopiadex_furniture,infipoke_pokopia_items_or_crafting_zh_hans,image/png,18756,ffa8c67d1623fd46a04b4f31e1585e4a7f1bfcab8528679dd4429d0cb360063b,ok,
096,furniture,Simple cushion,简易坐垫,096-simple-cushion.png,docs/pokopia_image_sources/furniture_portraits/096-simple-cushion.png,https://pokopiadex.com/images/items/item_ui/simple-cushion.png,https://pokopiadex.com/items/furniture,pokopiadex_furniture,infipoke_pokopia_items_or_crafting_zh_hans,image/png,17178,2080f4cae55f39c767a3b9d5592ce53d5938737241a46c7f7934c0f63524e8eb,ok,
097,furniture,Soft seat,柔软座椅,097-soft-seat.png,docs/pokopia_image_sources/furniture_portraits/097-soft-seat.png,https://pokopiadex.com/images/items/item_ui/soft-seat.png,https://pokopiadex.com/items/furniture,pokopiadex_furniture,infipoke_pokopia_items_or_crafting_zh_hans,image/png,22971,1f2918445229d6170e95d6e2c5fb133b16a2c7052ebe7783459258354799f025,ok,
098,furniture,Spectator chair,观众椅,098-spectator-chair.png,docs/pokopia_image_sources/furniture_portraits/098-spectator-chair.png,https://pokopiadex.com/images/items/item_ui/spectator-chair.png,https://pokopiadex.com/items/furniture,pokopiadex_furniture,infipoke_pokopia_items_or_crafting_zh_hans,image/png,29609,ba5ad519bfcd2a71cc8537f381fcc1c9cf764d7f958a02a79dc94b955feba9d0,ok,
099,furniture,Stone bench,石长椅,099-stone-bench.png,docs/pokopia_image_sources/furniture_portraits/099-stone-bench.png,https://pokopiadex.com/images/items/shop_ui/stone-bench.png,https://pokopiadex.com/items/furniture,pokopiadex_furniture,infipoke_pokopia_items_or_crafting_zh_hans,image/png,191928,2fba5b09ddefd3d71f5cf928a8132acf0edd1f130920cb9b46fe8282fc1852f3,ok,
100,furniture,Stone table,石桌,100-stone-table.png,docs/pokopia_image_sources/furniture_portraits/100-stone-table.png,https://pokopiadex.com/images/items/item_ui/stone-table.png,https://pokopiadex.com/items/furniture,pokopiadex_furniture,infipoke_pokopia_items_or_crafting_zh_hans,image/png,18495,296a1a461cce081f3920c74f362b31688065d660af1ccd7aa406d41a01f5719e,ok,
101,furniture,Storage Box,收纳箱,101-storage-box.png,docs/pokopia_image_sources/furniture_portraits/101-storage-box.png,https://pokopiadex.com/images/items/crafting_ui/storage-box.png,https://pokopiadex.com/items/furniture,pokopiadex_furniture,infipoke_pokopia_items_or_crafting_zh_hans,image/png,107108,174be00347b60870af512fef8c297b8c430fd20344a7bebb684bd48ab07f2a23,ok,
102,furniture,Straw bed,稻草床,102-straw-bed.png,docs/pokopia_image_sources/furniture_portraits/102-straw-bed.png,https://pokopiadex.com/images/items/crafting_ui/straw-bed.png,https://pokopiadex.com/items/furniture,pokopiadex_furniture,infipoke_pokopia_items_or_crafting_zh_hans,image/png,175810,33a5acbc18ecc8c9661f655aadb57e054d467329ddaf6349959db7af85ca4b8e,ok,
103,furniture,Straw stool,草编凳,103-straw-stool.png,docs/pokopia_image_sources/furniture_portraits/103-straw-stool.png,https://pokopiadex.com/images/items/crafting_ui/straw-stool.png,https://pokopiadex.com/items/furniture,pokopiadex_furniture,infipoke_pokopia_items_or_crafting_zh_hans,image/png,157255,abead34891f44fa9f573507f3ce93b09d1ce8823943dbbacfb4e182a158f0273,ok,
104,furniture,Straw table,草编桌,104-straw-table.png,docs/pokopia_image_sources/furniture_portraits/104-straw-table.png,https://pokopiadex.com/images/items/crafting_ui/straw-table.png,https://pokopiadex.com/items/furniture,pokopiadex_furniture,infipoke_pokopia_items_or_crafting_zh_hans,image/png,169681,6074c4be6d6cdc6e1e99be93f1db5701d1a6c8fbdb835825eda3d0d49424dd6f,ok,
105,furniture,Study desk,学习桌,105-study-desk.png,docs/pokopia_image_sources/furniture_portraits/105-study-desk.png,https://pokopiadex.com/images/items/item_ui/study-desk.png,https://pokopiadex.com/items/furniture,pokopiadex_furniture,infipoke_pokopia_items_or_crafting_zh_hans,image/png,18533,cb7eb51cc0fd2d31f97edc48fdff6a0c47144a7feef0f83e84cd49b4040b6893,ok,
106,furniture,Stylish stool,时尚凳,106-stylish-stool.png,docs/pokopia_image_sources/furniture_portraits/106-stylish-stool.png,https://pokopiadex.com/images/items/crafting_ui/stylish-stool.png,https://pokopiadex.com/items/furniture,pokopiadex_furniture,infipoke_pokopia_items_or_crafting_zh_hans,image/png,111325,bc1d99429f6cebfdaa9b73496c1279985ac3474002799057cc8f7b41bbc37e36,ok,
107,furniture,Wall Mirror,壁挂镜,107-wall-mirror.png,docs/pokopia_image_sources/furniture_portraits/107-wall-mirror.png,https://pokopiadex.com/images/items/item_ui/wall-mirror.png,https://pokopiadex.com/items/furniture,pokopiadex_furniture,infipoke_pokopia_items_or_crafting_zh_hans,image/png,18557,28bb1a0c5d2b5566c6ccd9e452b8f06e9045b7f06f10b4ff0367bee8b230c33d,ok,
108,furniture,Wall storage box,壁挂收纳箱,108-wall-storage-box.png,docs/pokopia_image_sources/furniture_portraits/108-wall-storage-box.png,https://pokopiadex.com/images/items/item_ui/wall-storage-box.png,https://pokopiadex.com/items/furniture,pokopiadex_furniture,infipoke_pokopia_items_or_crafting_zh_hans,image/png,24716,0616ec32c939282232c17a064e3e55eea53bbae3f9f7a8070f94be91833fd668,ok,
109,furniture,Wall-mounted table,壁挂桌,109-wall-mounted-table.png,docs/pokopia_image_sources/furniture_portraits/109-wall-mounted-table.png,https://pokopiadex.com/images/items/item_ui/wall-mounted-table.png,https://pokopiadex.com/items/furniture,pokopiadex_furniture,infipoke_pokopia_items_or_crafting_zh_hans,image/png,18535,2161e16adbc90f57341c68bea646874c1935d3bf34a8d6ce41c6243e82d5eb74,ok,
110,furniture,Waterproof seat,防水座椅,110-waterproof-seat.png,docs/pokopia_image_sources/furniture_portraits/110-waterproof-seat.png,https://pokopiadex.com/images/items/item_ui/waterproof-seat.png,https://pokopiadex.com/items/furniture,pokopiadex_furniture,infipoke_pokopia_items_or_crafting_zh_hans,image/png,16313,69abaa3e101da464050f1336dfbcc326b6058a4ec37b117440d56b1c6cad7574,ok,
111,furniture,Wiggly mirror,晃动镜子,111-wiggly-mirror.png,docs/pokopia_image_sources/furniture_portraits/111-wiggly-mirror.png,https://pokopiadex.com/images/items/item_ui/wiggly-mirror.png,https://pokopiadex.com/items/furniture,pokopiadex_furniture,infipoke_pokopia_items_or_crafting_zh_hans,image/png,131882,7e6395b065574ae67fe2f921b51eccdcd36312d52bf9217a50af66cef289fc1a,ok,
112,furniture,Wooden bed,木制床,112-wooden-bed.png,docs/pokopia_image_sources/furniture_portraits/112-wooden-bed.png,https://pokopiadex.com/images/items/crafting_ui/wooden-bed.png,https://pokopiadex.com/items/furniture,pokopiadex_furniture,infipoke_pokopia_items_or_crafting_zh_hans,image/png,159316,d97c863fea3d99c24362babdd57d09b47fa02cad4a4b0c2d9be24bd2ce10619d,ok,
113,furniture,Wooden bench,木长椅,113-wooden-bench.png,docs/pokopia_image_sources/furniture_portraits/113-wooden-bench.png,https://pokopiadex.com/images/items/crafting_ui/wooden-bench.png,https://pokopiadex.com/items/furniture,pokopiadex_furniture,infipoke_pokopia_items_or_crafting_zh_hans,image/png,147975,a9d90ad462b41194d0a2c2d3d0a37c802a8c6e5bc0301004da986d31ad78d593,ok,
114,furniture,Wooden stool,木凳,114-wooden-stool.png,docs/pokopia_image_sources/furniture_portraits/114-wooden-stool.png,https://pokopiadex.com/images/items/crafting_ui/wooden-stool.png,https://pokopiadex.com/items/furniture,pokopiadex_furniture,infipoke_pokopia_items_or_crafting_zh_hans,image/png,100656,d124f21899e4c918091889748a3ca17476b24aa12951bf2b02298a0ab41ef495,ok,
115,furniture,Wooden table,木桌,115-wooden-table.png,docs/pokopia_image_sources/furniture_portraits/115-wooden-table.png,https://pokopiadex.com/images/items/shop_ui/wooden-table.png,https://pokopiadex.com/items/furniture,pokopiadex_furniture,infipoke_pokopia_items_or_crafting_zh_hans,image/png,124875,5aeb5171a3ee401895f342c7672a2372d3c1a3bad4808d11d3a1a9853c77d9e5,ok,
